intern_id,name,department,attendance_percentage,tasks_completed,tasks_pending,avg_task_score,mentor_feedback_score,communication_score,teamwork_score,punctuality_score,learning_progress,final_performance
1,Sanjay,Cloud,86.28,19,6,7.2,7.71,8.18,6.14,6.64,7.28,Average
2,Neha,Cloud,86.38,19,1,8.29,9.04,8.3,7.28,8.2,7.04,Good
3,Sanjay,Mobile App,85.47,9,8,7.02,8.32,6.9,9.47,7.12,9.3,Good
4,Aditi,Mobile App,95.19,8,10,9.08,8.98,9.04,7.71,9.02,7.33,Good
5,Arjun,Cyber Security,85.99,18,9,9.41,8.52,7.9,6.25,9.12,7.04,Good
6,Arjun,Mobile App,85.08,11,6,6.41,6.04,6.2,7.5,8.89,9.28,Average
7,Meera,Cloud,80.93,11,0,8.84,6.67,6.04,9.34,9.34,8,Good
8,Rohit,Web,81.16,8,2,9.04,7.48,6.8,9.23,6.24,8.24,Average
9,Aditya,Cyber Security,79.87,10,10,8.85,6.54,6.45,7.55,6.07,7.35,Average
10,Rahul,Web,95.5,20,9,9.34,8.59,6.04,7.99,7.15,7.75,Average
11,Rahul,Cloud,70.77,10,2,6.24,8.74,9.01,7.5,6.05,8.66,Average
12,Rohit,Cloud,89.11,20,6,7.53,6.19,7.83,7.64,7.37,8.84,Average
13,Varun,Cyber Security,75.79,14,4,8.7,6.65,8.49,5.99,8.53,8.14,Average
14,Pooja,Cloud,87.89,9,9,8.31,7.13,7.5,6.35,8.62,7.86,Average
15,Kiran,AI,71.62,17,1,9.12,9.26,6.95,7.63,6.37,9.02,Good
16,Pooja,AI,83.39,13,9,7.27,8.43,8.68,8.6,7.89,6.28,Average
17,Karthik,Web,77.66,13,5,6.95,8.44,7.54,6.3,8.9,7.76,Average
18,Varun,Cloud,92.21,8,8,8.74,8.78,6.55,5.84,6.99,8.87,Average
19,Meera,Data Science,92.31,9,3,7.66,6.21,7.47,6.79,6.29,8.35,Average
20,Kiran,Web,90.85,10,5,7.1,6.83,7.38,7.45,7.69,6.98,Average
21,Sanjay,AI,76.38,12,4,8.24,7.38,8.32,5.94,9.16,7.09,Average
22,Vikram,AI,92.86,18,4,6.05,9.02,7.08,7.93,7.5,8.76,Average
23,Sneha,Web,77.17,13,0,8.47,7.54,6.31,7.94,9.35,8.78,Good
24,Rohit,Data Science,71.76,8,10,6.06,6.64,9.36,7.69,8.43,8.85,Average
25,Pooja,Data Science,94.79,8,1,8.11,6.41,7.22,8.78,7.32,9.42,Average
26,Ananya,Cyber Security,87.62,14,4,9.14,6.07,6.34,6.18,6.41,9.09,Average
27,Pooja,Data Science,93.06,9,9,6.36,7.54,9.08,9.1,9.03,7.47,Good
28,Priya,Cloud,95.97,16,4,8.24,6.41,7.83,6.71,7.34,7.95,Average
29,Sneha,Mobile App,96.52,20,4,8.68,6.48,8.49,7.76,9.1,6.83,Average
30,Arjun,Web,84.9,12,1,7.12,9.34,6.9,6.62,8.63,7.85,Average
31,Aditya,Cyber Security,77.32,19,6,7.05,7.45,7.61,7.16,6.17,6.8,Average
32,Rohit,Web,73.56,9,6,6.52,9.27,9.35,5.58,7.79,6.63,Average
33,Kiran,Cloud,82.89,11,3,8.29,6.16,7.51,7.1,8.1,7.92,Average
34,Pooja,Mobile App,77.38,8,10,8.19,7.06,6.52,8.51,9.38,6.65,Average
35,Arjun,Mobile App,73.05,11,8,6.42,8.62,7.32,6.42,6.94,8.11,Average
36,Priya,Mobile App,93.14,12,8,7,7.24,9.33,8.35,8.01,9.13,Good
37,Ashwin,Web,86.57,20,3,7.19,7.36,6.45,7.72,6.93,7.4,Average
38,Karthik,Cloud,70.62,16,4,7.9,6.51,6.43,9.09,7.47,7.01,Average
39,Vikram,Mobile App,78.82,16,0,8.41,6.37,7.03,5.63,8.09,8.42,Average
40,Sanjay,Web,97.23,16,9,6,8.72,9.24,6.72,6.59,8.65,Average
41,Kiran,Data Science,97.62,16,3,7.94,8.98,7.72,5.54,7.38,8.08,Average
42,Pooja,Cloud,75.7,12,0,6.46,8,6.95,6.05,6.78,7.87,Average
43,Divya,Cyber Security,80.22,10,1,8.88,9.18,6.04,6.86,7.88,8.59,Average
44,Neha,AI,81.84,19,5,6.84,7.2,8.45,6.93,8.86,9.39,Average
45,Rohit,AI,83.2,11,8,8.9,7.53,5.67,9.35,7.23,7.31,Average
46,Neha,Cloud,78.06,16,1,7.94,7.06,6.33,9.17,8.91,6.33,Average
47,Karthik,Mobile App,78.33,18,9,6.64,7.4,6.38,9.11,7.34,6.18,Average
48,Sanjay,Data Science,96.01,20,10,8.05,8.18,6.31,6.18,8.93,7.07,Average
49,Rahul,Data Science,77.93,10,6,7.63,8.89,6.38,5.72,8.68,8.98,Average
50,Rohit,Mobile App,99.74,19,5,9.2,7.17,6.61,9.29,8.06,7.02,Average
51,Nisha,AI,86.56,9,5,9.42,8.92,7.1,9.29,8.09,8.82,Good
52,Priya,Mobile App,97.84,12,1,6.41,6.5,9.07,7.9,8.53,9.25,Average
53,Divya,Cloud,88.09,15,3,7.2,6.23,7.98,8.29,7.53,7.34,Average
54,Vikram,Data Science,78.52,11,6,6.24,6.42,8.1,9.46,6.97,6.92,Average
55,Divya,AI,92.17,11,9,6.25,6.91,8.74,8.78,6.62,7.21,Average
56,Divya,Cloud,94.5,9,8,9.13,9.37,8.69,8.86,6.98,8.06,Good
57,Ashwin,Cloud,96.14,12,6,6.87,6.55,7.03,8.68,8.76,7.69,Average
58,Sneha,Data Science,72.31,13,10,7.88,6.95,7.16,7.82,8.22,6.4,Average
59,Ashwin,Cyber Security,95.3,8,5,6.1,6.03,6.66,8.37,9.09,6.83,Average
60,Nisha,Cyber Security,72.12,11,9,9.27,8.79,8.16,6.41,6.7,7.44,Average
61,Aditi,AI,70.6,15,4,6.37,6.34,9.17,8.02,6.93,9.14,Average
62,Nisha,Mobile App,70.34,19,0,7.5,6.44,5.83,6.66,6.97,6.41,Poor
63,Nisha,Cyber Security,99.37,17,6,8.45,6.32,7.74,5.92,7.9,7.78,Average
64,Ashwin,Cyber Security,94.04,16,7,8.85,6.2,7.52,5.85,9.14,8.01,Average
65,Rohit,Web,90.58,10,3,6.22,7.12,8.9,9.48,6.76,8.52,Average
66,Aditya,Cyber Security,93.16,10,9,6.97,8.74,7.32,8.23,8.65,8,Average
67,Arjun,Mobile App,94.99,20,1,6.73,9.03,8.69,6.45,9.44,7.27,Average
68,Sneha,Cyber Security,79.44,20,7,6.71,9.29,6.37,9.3,9.13,6.19,Average
69,Kavya,Data Science,77.09,13,4,8.92,8.85,8.05,7.87,9.21,6.62,Good
70,Rahul,AI,86.39,20,0,6.18,8.16,7.4,8.8,9.06,6.04,Average
71,Priya,Cloud,70.82,14,8,6.16,7.67,7.73,7.97,6.47,7.95,Average
72,Kavya,Cyber Security,91.57,10,3,7.31,8.71,8.82,8.02,6.68,8.7,Good
73,Sneha,Cloud,80.93,11,7,7.24,6.19,6.9,8.74,8.98,7.43,Average
74,Rahul,Mobile App,77.01,13,0,8.46,8.31,7.86,9.08,8.88,9.02,Good
75,Kavya,AI,93.27,17,4,9.07,8.03,5.72,6.44,6.54,7.95,Average
76,Meera,Web,75.39,20,4,8.58,7.5,6.76,9.25,9.18,6.14,Average
77,Vikram,Cyber Security,70.64,15,7,9.42,7.59,7.56,5.7,8.43,6.98,Average
78,Aditya,Data Science,73.51,18,4,9.45,6.81,5.7,5.54,9.46,6.82,Average
79,Neha,Cyber Security,81.5,19,1,8.55,9.21,6.65,6.09,8.95,7.95,Average
80,Nisha,Cyber Security,98.49,9,5,8.82,7.7,9.28,8.12,7.11,7.22,Good
81,Divya,Mobile App,84.6,10,1,7.23,7.13,7.37,6.2,8.39,8.55,Average
82,Meera,Web,70.31,20,3,6.69,9.31,5.68,6.14,7.59,9.33,Average
83,Arjun,Cyber Security,71.78,20,10,6.61,8.11,7.74,5.85,6.53,8.67,Average
84,Neha,Data Science,78.35,16,8,9.39,6.48,8.11,9.39,7.51,6.02,Average
85,Kiran,Cyber Security,79.82,14,1,7.7,6.49,6.79,9.31,8.66,8.43,Average
86,Rohit,Cyber Security,79.93,15,9,8.8,8.48,7.71,8.74,9.5,6.31,Good
87,Aditi,Data Science,85.08,18,5,9.25,6.09,8.6,7.88,6.84,6.63,Average
88,Rohit,Cloud,95.34,15,5,8.98,8.02,7.06,7.35,6.84,6.08,Average
89,Varun,AI,77.74,14,10,8.87,6.77,8.92,6.99,8.93,6.28,Average
90,Rahul,Mobile App,98.34,10,2,8.21,6.95,5.73,9.13,6.94,7.32,Average
91,Rahul,AI,70.48,15,5,7.83,8.38,8.46,8.46,6.41,8.71,Good
92,Vikram,Cloud,73.31,19,5,6.36,7.93,7.4,8.7,6.47,8.29,Average
93,Priya,Data Science,87.39,18,7,7.57,7.31,6.87,6.71,7.88,7.01,Average
94,Arjun,Cloud,86.86,18,8,6.94,7.29,8.69,8.8,7.71,9.09,Good
95,Nisha,Mobile App,79.29,8,3,6.91,6.21,7.29,7.27,8.9,9.42,Average
96,Sneha,Data Science,88.1,15,9,8.24,9.34,6.32,8.14,9.18,6.27,Average
97,Aditi,AI,86.61,19,1,7.28,7.14,8.14,6.02,7.91,6.64,Average
98,Karthik,Cloud,86.78,16,1,7.83,9.3,7.23,8.44,6.5,7.55,Average
99,Divya,Cyber Security,78.11,20,1,9.04,6.26,7.86,7.36,7.28,7.01,Average
100,Rohit,Cyber Security,91.8,13,3,9,6.14,8.71,9,6.24,6.04,Average
101,Meera,Data Science,71.89,8,4,7.73,7.13,6.91,6.13,7.97,8.45,Average
102,Divya,Mobile App,88.15,8,1,7.62,9.11,7.17,8.52,9.13,7.73,Good
103,Pooja,Data Science,94.15,18,5,8.64,7.61,7.79,7.58,9.26,6.36,Average
104,Aditya,Cyber Security,98.53,19,8,9.46,9.42,9.4,9.04,6.49,8.51,Good
105,Kiran,AI,83.14,20,4,6.63,8.9,5.63,7.82,8.15,7.08,Average
106,Ashwin,AI,92.92,10,10,6.68,8.06,9.47,7.82,7.66,8.2,Average
107,Rohit,Cloud,83.86,17,5,9.09,7.2,6.49,6.26,6.24,9.34,Average
108,Ashwin,Web,82.76,9,5,6.34,9.32,9.26,6.02,6.54,6.95,Average
109,Vikram,AI,97,9,5,9.02,8.35,8.9,6.31,6.46,8.39,Average
110,Divya,Data Science,88.54,9,5,7,8.63,8.57,8.51,8.57,6.14,Average
111,Karthik,Web,76.21,18,8,6.3,8.37,6.93,6.45,8.42,8.14,Average
112,Sneha,Cloud,91.73,19,8,9.06,6.53,5.51,9.32,7.94,6.15,Average
113,Aditya,Data Science,95.87,18,0,8.13,8.03,7.9,6.82,8.2,7.1,Average
114,Karthik,Web,87.94,17,9,9.33,8.15,7.26,8.71,8.94,9.38,Good
115,Ananya,Web,88.71,14,1,7.34,8.74,7.28,5.91,7.04,9.29,Average
116,Aditya,Web,76.13,11,1,8.91,7.59,6.1,9.42,6.53,8.82,Average
117,Vikram,Cyber Security,71.46,17,4,6.89,7.3,6.49,8.69,7.03,8.56,Average
118,Neha,Web,98.62,17,5,8.77,9.41,6.65,6.26,8.68,9.39,Good
119,Arjun,Mobile App,81.33,12,0,6.27,9.2,9.28,8.74,7.75,8.78,Good
120,Karthik,Data Science,95.99,15,10,7.03,6.65,8.44,7.2,7.45,8.54,Average
121,Varun,Cyber Security,96.26,11,6,9.46,9.04,7.68,9.21,8.48,8.68,Good
122,Divya,Mobile App,80.1,8,0,7.73,9.18,7.4,9.11,6.88,7.32,Average
123,Varun,Cloud,71.69,19,1,9.42,8.6,7.56,9.31,9.02,9.08,Good
124,Kavya,AI,84.99,11,8,6.7,6.34,9.25,8.41,9.29,8.38,Good
125,Sneha,Web,75.24,20,4,6.84,8.27,9.01,5.61,8.97,8.2,Average
126,Divya,Cyber Security,98.69,12,8,7.89,7.06,6.17,6.26,8.18,6.39,Poor
127,Rohit,Cloud,74.65,16,10,6.1,8.77,6.81,7.17,8.07,7.96,Average
128,Kavya,Web,85.77,13,4,7.48,9.05,5.64,6.98,7.86,8.3,Average
129,Aditi,AI,97.17,15,4,7.66,7.31,7.44,5.7,8.18,7.6,Average
130,Aditya,AI,80.9,15,9,8.69,8.78,6.89,5.85,9.04,8.26,Average
131,Neha,Cyber Security,92.29,8,7,7.27,7.81,7.55,8.67,6.92,7.67,Average
132,Varun,Cyber Security,83.22,12,5,9.34,6.64,7.23,7.61,8.05,6.15,Average
133,Rahul,Data Science,70.11,16,8,7.59,7.49,8.92,5.59,6.94,8.62,Average
134,Vikram,Data Science,91.51,9,9,6.46,6.14,6.4,5.63,6.27,9.46,Poor
135,Pooja,Web,99.32,14,0,7.65,7.48,8.43,7.84,7.39,7.29,Average
136,Arjun,Cloud,98.66,19,1,8.79,7.5,6.44,7.62,7.21,6.15,Average
137,Kiran,AI,75.31,9,2,9.48,6.24,6.95,5.69,6.82,7.35,Average
138,Divya,Cyber Security,73.38,9,4,8.48,7.58,7.86,6.79,6.73,9.13,Average
139,Sneha,Cyber Security,71.44,11,10,9.05,9.42,6.74,8.51,7.27,8.6,Good
140,Karthik,Data Science,93.37,19,1,8.86,9.14,7.79,6.58,6.87,6.71,Average
141,Kiran,Cyber Security,83.37,14,3,6.91,7.49,5.79,7.36,6.98,9.43,Average
142,Rohit,Data Science,76.87,8,5,9.1,7.11,7.81,9.32,6.04,6.06,Average
143,Pooja,Web,83.2,14,2,6.26,6.87,8.73,7.6,7.79,7.82,Average
144,Divya,Cloud,70.25,16,9,6.41,6.02,6.1,5.59,9.37,6.15,Poor
145,Varun,Data Science,91.7,20,6,8.58,6.05,9.02,6.39,9.46,8.53,Good
146,Meera,Mobile App,98.83,9,2,6.8,9.27,8.56,9.32,6.73,7.46,Good
147,Pooja,AI,95.29,10,4,8.46,7.57,6.01,7.7,6.02,8.03,Average
148,Priya,Cyber Security,87.56,16,8,9.17,8.2,6.07,7.27,6.16,8.16,Average
149,Sanjay,Web,93.85,13,5,7.24,8.38,8.71,8.79,7.5,8.66,Good
150,Neha,Web,79.85,8,8,7.27,7.15,8.38,7.75,6.63,6.45,Average
151,Divya,Web,88.91,12,5,7.53,8.06,9.11,7.69,7.68,9.18,Good
152,Divya,Data Science,71.17,15,2,9.22,7.55,9.07,6.96,8.78,8.07,Good
153,Nisha,Data Science,70.4,11,6,6.38,6.45,8.36,9.22,9.12,8.38,Average
154,Varun,Mobile App,75.19,13,1,7.63,6.1,6.67,6.17,8.44,8.97,Average
155,Aditi,Cloud,87.65,18,8,8.02,8.83,5.63,6.34,8.36,6.11,Average
156,Aditi,Mobile App,96.24,20,0,6.79,7.08,6.31,8.54,6.21,6.85,Poor
157,Ananya,Web,93.33,17,6,7.49,6.8,6.04,6.96,6.3,9.09,Average
158,Sneha,AI,77.33,11,9,9.22,9.26,8.13,6.2,7.91,7.07,Average
159,Arjun,Cloud,80.45,8,2,9.09,6.69,7.33,6.17,6.83,7.1,Average
160,Divya,Data Science,94.67,16,3,7.52,7.83,6.56,9.13,6.25,8.29,Average
161,Karthik,Mobile App,99.34,11,6,7.79,6.84,7.42,9.14,8.88,6.63,Average
162,Nisha,Web,81.48,14,5,9.38,7.59,6.23,6.14,6.77,8.41,Average
163,Meera,Cloud,78.19,10,0,6.82,9.2,6.43,5.96,8.31,8.95,Average
164,Kiran,Data Science,93.36,11,5,8.15,9.41,6.76,5.51,7.11,9.46,Average
165,Priya,Mobile App,89.83,15,7,7.1,9.43,8.42,6.6,7.63,6.8,Average
166,Pooja,Data Science,79.1,8,10,8.01,6.81,8.76,8.13,7.94,7.99,Average
167,Kiran,Cloud,82.19,8,8,6.19,9.3,5.97,8.82,7.62,7.72,Average
168,Varun,Cyber Security,99.25,19,9,7.61,6.1,8.18,6.06,6.53,6.72,Poor
169,Vikram,Cloud,91.53,16,3,6.2,6.22,9.2,5.69,7.34,6.18,Poor
170,Ananya,AI,89.16,19,0,8.45,8.44,6.06,6.05,7.81,6.88,Average
171,Neha,Cyber Security,70.51,15,1,9,9.08,8.57,7.61,6.52,7.67,Good
172,Rohit,Mobile App,91.08,15,0,9.37,6.97,7.35,7.32,6.9,9.14,Average
173,Nisha,Mobile App,70.97,18,10,7.18,7.91,6.37,8.22,8.89,7.27,Average
174,Divya,Mobile App,78.8,10,7,8.83,8.77,7.72,7.04,8.08,8.88,Good
175,Sanjay,AI,84.47,17,7,7.14,8.33,9.2,9.45,8.31,6.04,Good
176,Priya,Data Science,83.76,13,4,9.33,6.3,9.02,7.16,7.67,8.64,Good
177,Aditi,Data Science,72.03,19,10,8.3,8.8,7.56,7.21,6.92,6.53,Average
178,Rohit,Data Science,82.22,9,10,9.25,8.04,7.23,6.22,6.06,8.1,Average
179,Rahul,Web,82.62,14,3,6.29,8.61,9.38,8.67,6.7,7.05,Average
180,Divya,Mobile App,76.98,9,4,7.42,8.63,6.03,7.35,9.15,8.12,Average
181,Kiran,Cloud,72.83,17,9,7.72,6.36,9.26,6.69,8.71,8.9,Average
182,Priya,AI,89.11,18,8,8.15,6.42,9.1,5.55,8.13,7.13,Average
183,Kavya,AI,95.98,15,4,7.12,8.56,8.84,6.75,7.65,6.53,Average
184,Arjun,Mobile App,85.62,19,2,7.32,6.77,9.03,7.72,6.37,9.07,Average
185,Karthik,Data Science,76.71,14,2,7.92,8.23,9.26,6.69,8.14,6.26,Average
186,Vikram,Cloud,95.93,12,1,9.12,8.54,8.59,6.7,9.2,7.71,Good
187,Divya,Mobile App,80.42,19,8,6.47,7.82,5.88,6.53,8.91,8.47,Average
188,Kavya,Cyber Security,70.48,10,8,6.82,6.09,8.38,9.13,6.09,6.73,Average
189,Nisha,Mobile App,91.05,14,1,8.96,7.53,9.27,6.67,8.81,7.13,Good
190,Neha,Mobile App,94.77,20,6,9.44,6.06,9.12,6.24,9.42,9.46,Good
191,Varun,Mobile App,87.83,9,5,6.83,9.27,9.44,8.26,7.84,7.23,Good
192,Priya,Cloud,71.58,13,10,7.14,6.78,9.3,9.11,9.48,6.37,Good
193,Rahul,AI,71.21,14,3,9.09,7.85,8.67,6.71,8.37,8.49,Good
194,Arjun,AI,72.03,14,7,7.56,6.58,9.1,7.65,7.57,7.18,Average
195,Sneha,Cloud,92.25,11,0,7.05,6.23,8.52,9.32,8.02,7.5,Average
196,Sanjay,Cyber Security,85.99,13,0,9.29,6.58,8.18,5.98,6.42,8.1,Average
197,Aditi,Mobile App,90.85,14,5,7.1,6.59,6.68,9.33,6.95,7.88,Average
198,Kavya,Web,81.8,19,2,7.62,6.02,8.12,8.3,8.1,6.18,Average
199,Aditi,Data Science,76.87,9,7,8.86,7.64,6.51,6.85,8.97,6.68,Average
200,Varun,AI,83.5,9,4,6.32,6.5,7.98,8.44,8.85,8.87,Average
201,Rahul,Web,71.39,19,10,8.42,6.78,8.45,8.99,8.77,8.82,Good
202,Aditya,AI,88.78,19,8,8.28,8.59,6.18,8.69,7.43,8.01,Average
203,Divya,AI,89.23,10,3,7.29,7.54,6.24,7.38,8.46,9.28,Average
204,Sneha,Mobile App,81.24,16,7,8.33,9.35,6.51,9.47,7,7.43,Good
205,Meera,Web,83.03,15,8,9.17,7.61,6.14,7.1,6.92,9.22,Average
206,Priya,Data Science,85.59,18,10,8.22,6.8,5.76,7.32,6.37,7.25,Poor
207,Kavya,Web,91.38,16,10,7.39,7.3,6.79,5.53,7.84,6.55,Poor
208,Aditya,Cyber Security,85.29,13,2,7.39,7.91,7.86,7.45,6.15,8.02,Average
209,Karthik,Mobile App,85.34,15,6,8.84,9.3,9.48,6.33,9.45,9.06,Good
210,Kiran,Mobile App,82.07,19,1,7.77,6.97,9.13,6.95,9.02,7.09,Average
211,Sneha,Web,93.44,11,10,9.16,7.02,8.79,8.57,7.04,8.2,Good
212,Kavya,Data Science,83.73,9,4,8.43,8.35,5.93,8.11,7.88,6.19,Average
213,Sneha,Data Science,70.21,13,6,9.21,6.36,7.82,6.15,7.7,7.07,Average
214,Kavya,Cyber Security,87.21,10,7,6.83,6.03,7.35,8.58,6.85,6.34,Poor
215,Sanjay,Web,94.84,18,3,9.07,8.7,6.27,6.9,7.41,7.02,Average
216,Rohit,Web,85.85,16,9,7.02,8,6.1,5.73,8.82,9.07,Average
217,Nisha,Cyber Security,76.96,18,3,7.26,8.92,8.45,9.2,8.9,9.02,Good
218,Pooja,Data Science,99.03,13,9,7.92,8.44,6.68,7.2,6.59,6.09,Average
219,Ashwin,AI,72.28,9,0,7.69,6.15,6.98,6.37,7.83,7.58,Average
220,Sanjay,Mobile App,99.87,10,9,7.07,9.46,8.28,7.8,7.34,9.45,Good
221,Kiran,Mobile App,93.06,11,10,8.27,9.31,8.51,9.08,7.34,7.06,Good
222,Priya,Cyber Security,77.46,20,0,6.5,8.39,6.14,7.16,8.81,7.01,Average
223,Meera,Data Science,81,14,2,8.32,6.83,7.63,7.77,8.14,8.52,Average
224,Vikram,Data Science,90.66,11,8,6.81,9.2,6.72,7.86,9.35,7.54,Average
225,Kavya,AI,93.27,13,2,8.44,9.42,7.73,8.67,7.28,9.19,Good
226,Kiran,Mobile App,90.44,13,4,7.06,6.59,7.68,7.36,6.76,6.99,Average
227,Kiran,Data Science,71.06,9,8,8.88,7.98,8.71,8.18,8.45,7.83,Good
228,Kiran,Cyber Security,95.93,8,4,7.29,6.41,6.83,7.87,8.79,7.1,Average
229,Divya,Web,71.22,14,5,6.81,6.24,6.01,5.54,8.66,8.44,Poor
230,Aditi,AI,93.81,15,8,7.61,7.11,7.01,9.13,7.16,8.99,Average
231,Arjun,Cyber Security,89.28,10,1,6.59,6.96,5.7,7.58,9.42,6.66,Average
232,Arjun,Cyber Security,94.72,11,6,7.76,6.52,6.3,6.62,6.87,6.12,Poor
233,Vikram,AI,99.81,19,10,8.53,6.1,8.16,8.2,7.25,8.18,Average
234,Kavya,Data Science,94.1,20,9,7.54,7.32,6.25,5.6,8.61,8.94,Average
235,Sanjay,Mobile App,88.76,14,3,9.06,8.13,9.11,7.04,8.64,7.45,Good
236,Kavya,Cloud,97.57,10,10,6.64,7.69,7.08,6.86,6.54,6.58,Poor
237,Arjun,AI,86.85,11,9,6.16,6.95,6.89,6.25,8.24,7.55,Average
238,Pooja,Data Science,74.34,17,8,7.51,6.62,5.78,6.07,7.17,8.33,Poor
239,Arjun,Web,77.57,19,9,8.52,8.04,9.2,6.62,7.54,6.92,Average
240,Rohit,Web,85.17,19,8,8.76,8.32,5.82,5.82,8.86,6.24,Average
241,Ashwin,Mobile App,84.08,15,7,6.93,8.32,7.9,6.43,6.15,8.11,Average
242,Sanjay,Cyber Security,74.39,8,9,6.5,8.03,8.98,7.11,6.68,8.05,Average
243,Aditi,Cyber Security,80.48,11,1,6.25,8.62,7.86,6.32,8.14,8.22,Average
244,Neha,Web,76.88,20,3,7.75,8.27,8.78,5.64,7.17,6.39,Average
245,Nisha,Data Science,70.78,8,8,8.64,9.12,9.41,8.37,8.87,7.01,Good
246,Sanjay,AI,91.72,11,10,6.64,6.66,8.71,6.83,9.14,8.46,Average
247,Ananya,Data Science,72.24,20,3,9.25,6.73,9.08,8.33,6.08,6.81,Average
248,Meera,AI,76.98,19,8,7.4,7.97,6.6,5.77,6.29,7.01,Poor
249,Sanjay,Web,73.63,10,8,9.22,8.49,7.33,8.51,8.02,8.16,Good
250,Sneha,Cloud,97.72,17,1,7.75,8.44,6.95,7.22,9.29,9.1,Good
251,Divya,Data Science,79.81,17,4,8.24,8.14,5.93,6.56,7.59,7.75,Average
252,Arjun,Cloud,84.83,12,6,6.06,7.84,6.7,7.35,7.19,8.78,Average
253,Sanjay,Data Science,96.61,20,8,7.85,7.88,8.24,7.28,7.49,7.37,Average
254,Arjun,Data Science,97.22,14,4,7.13,6.38,8.75,7.4,8.8,6.48,Average
255,Kavya,Cyber Security,74.51,8,1,6.51,6.37,5.58,6.2,8.04,7.94,Poor
256,Sneha,AI,85.09,12,4,6.51,8.29,6.21,9.45,8.43,7.95,Average
257,Neha,Web,83.21,8,4,6.82,6.71,8.01,5.51,9.15,8.49,Average
258,Rahul,Data Science,71.46,15,8,9.2,7.92,7.87,6.38,7.76,6.08,Average
259,Sneha,Web,75.68,15,8,9,8.52,9.01,7.76,7.3,9.42,Good
260,Rohit,AI,71.81,12,6,8.85,7.42,8.7,9.43,6.97,7.09,Good
261,Meera,Data Science,89.27,8,0,6.64,8.41,6.95,5.61,7.92,9.36,Average
262,Rahul,Cyber Security,97.86,15,7,6.46,8.81,7.86,8.88,8.9,8.38,Good
263,Arjun,Web,74.99,17,6,8,8.78,8.41,5.9,8.74,7.86,Average
264,Kavya,Web,88.14,15,6,6.95,8.04,8.78,8.51,8.44,7.8,Good
265,Rohit,Mobile App,80.81,15,1,7.7,9.08,8.08,5.73,9.23,6.97,Average
266,Ananya,Mobile App,96.07,14,4,6.9,8,7.99,8.34,7.61,7.96,Average
267,Rahul,Web,85.43,12,7,7.27,9.42,6.21,7.56,9.24,6.48,Average
268,Sanjay,Cloud,78.69,19,10,9.25,8.6,7.77,6.2,8.87,7.41,Good
269,Ananya,Mobile App,70.75,12,10,8.07,8.13,7.52,8.79,6.8,6.12,Average
270,Karthik,Web,78.07,18,2,6.03,7.97,7.24,6.22,9.09,9.39,Average
271,Divya,Mobile App,88.28,14,1,7.37,6.64,8.21,7.12,7.46,6.25,Average
272,Nisha,Data Science,93.79,17,5,6.84,8.35,8.72,7.87,7.83,8.97,Good
273,Aditya,Cyber Security,90.91,20,4,7.76,6.8,5.95,7.99,6.26,6.94,Poor
274,Ashwin,Web,84.91,11,9,6.23,7.87,6.35,6.84,6.46,6.51,Poor
275,Vikram,Web,84.44,13,3,7.64,8.05,6.7,8.84,7.62,7.94,Average
276,Rahul,Cloud,93.38,17,9,6.94,6.15,6.6,8.72,8.41,6.47,Average
277,Kiran,Cyber Security,99.76,11,0,6.06,6.92,8.4,9.19,8.11,7.44,Average
278,Karthik,AI,77.79,20,7,7.64,6.25,8.18,8.58,8.45,8.14,Average
279,Karthik,Data Science,72.11,19,0,6.03,7.95,7.39,9.09,8.56,8.95,Average
280,Priya,Data Science,72.27,9,2,6.54,7.29,8.03,7.14,7.33,6.49,Average
281,Pooja,AI,77.35,13,2,8.03,7.36,8.68,7.3,8.04,7.86,Average
282,Varun,Mobile App,82.47,15,3,9.19,7,7.57,5.91,7.73,6.64,Average
283,Karthik,Mobile App,78.18,15,10,9.3,8.28,6.11,8.67,6.19,9.33,Average
284,Ashwin,Cloud,78.24,10,8,9.13,6.81,6.84,6.98,9.37,9.15,Good
285,Sneha,Cyber Security,92.82,17,9,7.64,7.22,6.46,9.09,7.85,6.33,Average
286,Vikram,Cyber Security,88.27,18,2,8.19,8.94,7.05,7.23,8.08,8.44,Average
287,Priya,Cyber Security,86.8,12,9,9.46,6.61,7.27,8.51,8.47,6.28,Average
288,Meera,AI,78.29,18,10,9.35,6.33,8.43,6.42,6.93,8.75,Average
289,Kavya,Cloud,76.73,14,5,6.15,9.11,9.04,9.17,6.94,6.02,Average
290,Sneha,Data Science,84.22,10,7,9.16,6.8,8.54,5.79,6.26,7.64,Average
291,Varun,Cyber Security,70.35,19,4,8.74,7.38,8.16,8.17,7.94,9.44,Good
292,Ananya,AI,95.28,19,2,7.06,8.87,7.63,6.49,8.28,6.92,Average
293,Rohit,Data Science,83.05,17,7,8.17,8.37,8.6,9.24,8.49,6.92,Good
294,Sanjay,Mobile App,85.97,12,1,9.47,8.95,6.15,9.38,6.18,7.78,Average
295,Priya,Cyber Security,88.82,8,0,7.24,6.86,5.73,9.13,6.23,8.9,Average
296,Varun,Mobile App,96.97,14,3,7.66,6.46,8.74,7.69,8.36,6.91,Average
297,Ashwin,AI,84.5,10,8,7.72,8.42,5.74,7.39,8.59,6.53,Average
298,Arjun,Web,88.69,18,9,7.59,6.61,8.06,9.34,9.43,9.1,Good
299,Meera,AI,76.27,10,8,6.14,7.95,9.38,7.31,6.21,7.62,Average
300,Neha,Web,71.35,11,2,8.73,8.67,6.43,9.5,7.77,9.35,Good
301,Arjun,Mobile App,72.65,13,8,9.38,7.78,8.72,7.9,8.92,7.95,Good
302,Aditya,AI,73.21,10,8,8.86,8.15,5.96,8,7.62,8.59,Average
303,Nisha,AI,92.31,14,8,6.72,9.06,5.76,6.53,8.86,7.92,Average
304,Kavya,Mobile App,93.2,11,4,7.26,6.54,8.19,7.5,9.41,9.04,Average
305,Ashwin,Web,72.38,9,4,6.31,8.79,6.46,9.07,8.36,7.11,Average
306,Pooja,Mobile App,98.8,13,2,7.09,6.14,7.42,9.35,6.41,6.11,Average
307,Kiran,Data Science,87.94,16,0,6.76,8.88,8.42,7.01,6.21,9.22,Average
308,Varun,Mobile App,71.61,18,9,8,7.59,6.66,6.52,6.87,6.68,Average
309,Aditi,Data Science,91.63,20,0,7.54,9.27,5.63,7.93,7.57,8.59,Average
310,Divya,Web,88.66,20,10,8.19,9.44,6.22,8.5,8.46,7.6,Good
311,Meera,Web,94.52,12,2,7.12,6.63,6.25,5.64,7.65,7.74,Poor
312,Arjun,Cloud,75.99,11,6,8.32,8.2,6.38,9.5,8.11,8.06,Good
313,Rohit,AI,85.35,16,10,8.7,8.29,6.46,7.11,8.19,9.42,Good
314,Nisha,Cyber Security,78.61,15,3,7.99,9.49,7.38,9.05,7.05,9.03,Good
315,Varun,Cyber Security,82.02,9,7,6.39,7.16,9.12,7.64,6.01,6.47,Average
316,Sneha,Cyber Security,86.05,17,0,8.39,6.57,7.57,6.82,7.13,6.97,Average
317,Ananya,Cyber Security,97.73,10,7,6.71,7.57,7.83,5.73,6.7,6.67,Poor
318,Ashwin,Web,75.37,14,7,7.67,7.62,9.49,5.57,8.32,6.27,Average
319,Karthik,Cloud,96.55,14,3,8.71,8.88,5.6,7.27,8.3,6.99,Average
320,Divya,AI,74.45,15,6,8.03,8.05,8.55,8.7,8.02,7.92,Good
321,Divya,AI,99.85,11,7,6.28,6.16,7.89,6.05,7.94,7.09,Poor
322,Arjun,Web,91.03,13,2,8.76,9.04,7.57,7.74,8.37,7.16,Good
323,Sneha,Cloud,73.96,12,10,7.08,6.23,7.35,6.11,7.73,8.66,Average
324,Kiran,Cyber Security,72.56,17,9,7.31,7.59,5.93,5.79,6.52,6.07,Poor
325,Arjun,Data Science,72.43,18,7,8.4,9.46,9.42,6.2,8.76,8.32,Good
326,Rohit,AI,84.11,8,9,6.37,7.67,6.02,6.4,7.15,7.91,Poor
327,Arjun,Web,76.31,19,6,9.21,8.58,8.91,5.98,8.37,7.9,Good
328,Ashwin,Web,90.65,14,8,8.07,8.89,6.63,8.59,9.44,6.65,Good
329,Arjun,Web,80.36,20,10,8.74,8.38,7.23,9.14,7.71,9.23,Good
330,Ashwin,Data Science,93.79,15,6,8.97,8.31,5.53,8.42,7.86,9.24,Good
331,Arjun,Cyber Security,84.93,10,8,8.25,8.45,7.6,7.65,8.31,8.22,Good
332,Kavya,Web,82.92,8,3,9.17,9.48,9.1,9.33,7.43,6.73,Good
333,Karthik,Mobile App,98.62,18,2,7.65,7.11,8.85,8.8,7.57,7.8,Average
334,Ananya,Web,97.16,8,10,8.17,7.83,7.06,6.31,8.13,8.86,Average
335,Sneha,Cloud,98.74,18,7,7.01,8.19,8.64,6.02,7.74,8.82,Average
336,Ashwin,AI,78.97,10,1,6.2,6.59,8.7,8.92,9.19,6.38,Average
337,Ashwin,AI,74.97,15,7,6.09,8.73,7.56,7.54,8.98,8.89,Average
338,Priya,AI,75.56,11,3,9.03,6.36,6.83,6.02,6.5,9.46,Average
339,Divya,AI,75.24,18,5,7.28,7.63,6.49,8.55,8.03,6.91,Average
340,Rahul,AI,81.25,15,8,6.9,8.71,6.32,6.95,7.87,8.83,Average
341,Nisha,Web,70.82,16,4,8.68,7.27,6.53,7.35,6.45,7.08,Average
342,Divya,Data Science,94.69,20,0,6.66,8.96,9.29,7.16,7.74,8.39,Good
343,Vikram,Mobile App,73.08,11,7,8.38,7.68,6.03,7.26,7.79,6.83,Average
344,Ashwin,AI,92.04,20,10,8.32,9.14,7.17,7.4,9.27,6.3,Average
345,Kavya,Cloud,73.89,9,0,6.75,8.86,9.44,8.23,7.09,6.96,Average
346,Kiran,Cyber Security,88.56,17,6,6.29,7.89,7.61,7.07,9.03,8.25,Average
347,Pooja,Cyber Security,88.9,20,10,8.1,8.39,9.21,8.12,7.1,6.14,Average
348,Kiran,Web,83.3,19,9,6.97,9.07,5.64,5.94,8.68,8.24,Average
349,Ananya,Data Science,79.75,9,0,8.73,9.17,7.75,5.75,6.87,6.04,Average
350,Sanjay,Cloud,76.51,17,7,6.32,6.44,5.5,6.16,7.17,9.33,Poor
351,Aditya,Mobile App,74.54,20,5,7.12,8.16,6.96,6.01,8.24,6.94,Average
352,Karthik,AI,93.66,20,6,7.92,8.27,7.13,9.17,6.4,6.98,Average
353,Pooja,Data Science,86.55,12,1,7.47,9.11,6.57,5.77,8.29,7.01,Average
354,Aditya,Web,80.86,11,8,8.08,8.22,9.42,9.32,8.08,8.76,Good
355,Rahul,AI,70.47,16,0,8.1,6.46,9.46,6.16,8.57,6.42,Average
356,Neha,Mobile App,98.71,12,10,9.49,7.26,8.94,7.74,7.81,9.15,Good
357,Divya,Web,95.05,17,3,7.54,6.63,6.81,8.1,7.66,9.25,Average
358,Nisha,Web,76.3,8,10,6.29,7.91,7.88,7.52,7.9,6.38,Average
359,Varun,Cyber Security,95.25,12,0,8.77,6.65,6.14,7.15,7.02,7.71,Average
360,Arjun,Web,75.41,19,2,8.88,7.01,7.45,7.89,7.34,6.15,Average
361,Sneha,Cloud,81.94,11,9,7.32,6.44,8.95,6.19,6.68,9.17,Average
362,Varun,Data Science,81.88,13,6,6.21,9.3,9.09,8.43,7.72,6.79,Average
363,Ashwin,Web,73.13,20,1,7.97,7.09,6.91,9.19,7.41,7.75,Average
364,Aditi,Cloud,92.31,9,8,7.6,8.23,7.47,9.09,8.27,6.27,Average
365,Aditya,Data Science,86.8,16,3,8.75,8.79,6.92,6.32,6.7,8.29,Average
366,Arjun,Data Science,78.91,13,8,6.78,6.74,6.18,6.31,7.5,7,Poor
367,Pooja,Cloud,84.49,11,1,9.14,7.04,8.96,6.06,8.06,7.65,Average
368,Kavya,Cyber Security,80.66,15,9,7.86,9.27,5.63,9,6.25,8.83,Average
369,Varun,Cloud,77.65,10,6,6.3,8.96,9.17,5.99,7.79,9,Average
370,Aditya,Mobile App,99.91,14,4,7.75,6.39,7.79,7.14,9.12,9.19,Average
371,Karthik,Cyber Security,82.99,16,7,7.29,6.08,8.32,7.97,7.13,8.6,Average
372,Kavya,Web,86.66,15,10,6.53,8.56,5.69,9.04,6.14,6.85,Average
373,Vikram,Cyber Security,72.9,13,4,7.26,9,8.92,6.33,7.68,6.91,Average
374,Nisha,AI,99.77,8,9,8.44,6.74,6.61,8.92,6.63,6.76,Average
375,Priya,Cloud,98.95,18,10,8.95,8.58,6.34,9.5,7.11,8.61,Good
376,Kiran,AI,76.43,11,0,8.84,7.14,6.14,8.43,7.93,9.41,Average
377,Divya,AI,74.17,18,1,9.25,8.95,7.66,8.96,7.97,8.91,Good
378,Ananya,Web,71.32,9,6,8.15,6.1,6.87,6.57,8.57,6.95,Average
379,Divya,AI,75.97,14,2,8.42,6.16,7.46,9.27,7.3,6.6,Average
380,Karthik,Web,97.49,13,9,8.78,8.84,6.82,6.25,6.68,6.06,Average
381,Arjun,Mobile App,87.85,17,9,6.37,7.28,5.55,5.73,7.45,6.63,Poor
382,Kavya,Cloud,81.16,8,10,8,8.42,9.47,7.5,6.39,6.75,Average
383,Arjun,Data Science,76.49,18,1,6.5,6.01,7.28,8.93,8.31,6.7,Average
384,Rahul,Mobile App,96.92,19,6,8.82,7,7.61,7.14,8.15,6.79,Average
385,Rohit,Cyber Security,99.95,18,8,6.25,8.31,7.08,6,6.68,7.92,Average
386,Nisha,AI,76.77,15,7,6.48,7.34,7.45,5.66,7.61,8.86,Average
387,Divya,Mobile App,97.02,11,2,7.81,7.39,9.32,7.77,6.81,9,Good
388,Sanjay,Cyber Security,80.22,9,2,7.75,6.8,5.92,7.51,6.5,7.14,Poor
389,Sanjay,Cyber Security,72.12,13,5,7.68,6.57,7.59,6.96,8.33,8.48,Average
390,Sneha,AI,97.31,13,6,9.48,8.67,6.04,5.59,6.3,7.77,Average
391,Pooja,Mobile App,78.87,10,4,6.14,8.95,8.2,6.14,8.49,9,Average
392,Ananya,Cloud,87.84,18,9,9.03,7.47,8.09,7.65,7.88,6.08,Average
393,Rahul,Web,88.69,18,8,8.05,7.84,5.99,9.47,9.44,8.44,Good
394,Meera,Data Science,76.23,17,5,9.1,6.75,8.94,9.15,6.57,9.46,Good
395,Priya,AI,78.05,19,5,7.21,8.22,9.08,7.07,8.58,6.36,Average
396,Rohit,Web,90.16,15,0,7.45,6.62,6.35,6.28,6.54,6.73,Poor
397,Priya,Web,88.53,19,6,8.1,7.21,6.38,9.04,6.75,7.8,Average
398,Sanjay,Cloud,82.98,18,1,7.25,7.14,9.16,7.27,8.13,8.61,Average
399,Priya,Web,93.57,13,7,8.2,8.17,8.73,8.98,6.02,8.72,Good
400,Nisha,Cloud,98.96,19,7,6.26,9.32,6.46,9.15,7.61,6.25,Average
401,Sanjay,Cloud,95.75,19,2,8.99,6.95,8.1,6.87,8.25,9.27,Good
402,Kiran,Cyber Security,98.68,12,2,6.92,8.46,9.49,6.66,7.67,6.54,Average
403,Pooja,Data Science,86,10,7,9.02,8.35,5.78,8.05,8.75,8.96,Good
404,Pooja,Cloud,98.56,14,0,7.16,6.44,6.29,7.84,6.99,6.19,Poor
405,Ashwin,Web,73.51,10,8,7.31,8.22,7.89,9,6.78,6.74,Average
406,Vikram,Data Science,92.94,17,8,8.07,8.27,7.52,5.6,7.51,6.17,Average
407,Nisha,Cyber Security,77.75,20,10,6.09,8.02,8.58,7.67,6.8,6.08,Average
408,Nisha,Mobile App,77.91,11,7,6.82,6.5,6.98,8.7,6.09,7.41,Average
409,Kiran,Data Science,78.3,16,5,7.16,9.18,5.86,6.56,6.99,6.79,Average
410,Kiran,Data Science,79.91,10,8,6.01,9.42,5.82,9.02,9.37,8.68,Good
411,Ananya,Data Science,86.22,17,3,6.13,9.1,9.01,6.04,9.26,7.08,Average
412,Ashwin,Mobile App,80.56,16,9,8.09,6.48,7.06,7.65,9.32,6.75,Average
413,Aditi,Cyber Security,76.22,13,7,8.03,7.01,6.18,7.53,9.39,7.71,Average
414,Sneha,Web,83.67,20,4,6.72,6.07,8.45,9.31,7.09,7.61,Average
415,Kiran,Web,97.22,17,1,7.99,8.51,5.62,7.91,7.85,7.18,Average
416,Aditya,AI,74.92,14,7,7.46,8.27,5.94,7.23,9.37,9.24,Average
417,Meera,Web,70.46,10,10,6.95,7.69,8.13,7.75,6.64,7.87,Average
418,Divya,Mobile App,98.4,20,10,7.02,8.06,8.07,7.41,6.51,7.32,Average
419,Arjun,Web,92.16,14,0,7.39,7.25,7.34,8.72,9.17,6.07,Average
420,Rohit,Data Science,86.18,19,8,8.43,7.98,7.59,8.65,9.45,6.01,Good
421,Karthik,Web,71.11,11,7,6.08,6.12,5.59,7.52,6.3,7.42,Poor
422,Arjun,Data Science,74.38,11,5,8.84,6.73,5.76,7.74,9.32,6.86,Average
423,Meera,Cloud,91.53,12,10,8.61,9.1,7.87,6.71,8.59,9.47,Good
424,Aditi,Data Science,97.86,17,5,8.94,8.35,7.69,9.34,8.26,6.67,Good
425,Ananya,Mobile App,98.7,14,0,6.22,9.42,6.35,5.5,6.12,7.72,Poor
426,Ashwin,Data Science,86.41,12,2,6.67,6.8,8.77,5.76,6.01,7.1,Poor
427,Sanjay,Cloud,94.5,10,2,7.98,7.3,8.34,8.28,7.46,7.88,Average
428,Rohit,Cyber Security,77.13,10,0,6.05,9.38,6.63,6.86,9.1,6.64,Average
429,Rahul,Cyber Security,74.59,13,8,9.35,9.23,9.4,8.42,8.78,8.43,Good
430,Rahul,Cloud,99.97,15,8,8.34,8.09,8.82,8.75,7.68,7.02,Good
431,Sanjay,Cyber Security,80.59,17,10,6.76,6.18,8.54,8.76,9.34,7.11,Average
432,Rahul,Mobile App,95.44,13,5,7.8,8.13,8.6,7.61,7.26,9.45,Good
433,Ashwin,Cyber Security,92.92,11,6,8.07,6.96,9.42,5.98,7.35,7.5,Average
434,Nisha,Mobile App,85.25,12,3,6.29,6.12,5.95,8.44,8.48,8.28,Average
435,Sneha,Web,72.28,16,4,7.08,6.54,7.99,7.86,6.24,8.1,Average
436,Neha,Cloud,90.81,19,5,8.96,9.48,7.98,7.62,6.69,6.22,Average
437,Neha,Web,79.72,12,10,6.73,7.39,8.49,6.52,8.67,6.33,Average
438,Priya,Mobile App,85.8,10,5,6.27,8.85,7.28,7.58,8.21,7.79,Average
439,Ashwin,Web,85.26,8,10,9.01,9.37,9.5,5.91,7.47,8.71,Good
440,Arjun,Mobile App,85.84,10,1,8.05,7.39,8.87,7.48,6.06,6.15,Average
441,Neha,Web,70.18,13,6,7.99,8,6.48,6.15,6.95,7.56,Average
442,Vikram,Data Science,85.07,17,10,7.47,7.01,7.65,7.32,6.38,6.09,Poor
443,Ananya,AI,85.96,18,9,9.21,6.79,6.57,9.17,6.54,7.9,Average
444,Nisha,Data Science,93.74,18,4,6.99,7.2,8.72,9.08,9.24,6.53,Average
445,Rahul,Web,96.81,12,2,9.19,9.02,5.81,6.76,8.01,8.33,Average
446,Rahul,Web,74.02,12,8,7.85,6.04,7.89,8.71,7.51,7.11,Average
447,Neha,Data Science,85.61,11,2,7.7,6.53,6.9,7.52,6,6,Poor
448,Meera,Data Science,90.8,18,0,6.6,8.88,7.04,9.12,6.17,6.79,Average
449,Divya,Web,71.82,17,2,8.59,6.96,6.53,8.14,6.84,6.58,Average
450,Pooja,Cyber Security,97.49,19,9,8.71,8.83,8.96,8.92,7.42,9.2,Good
451,Rahul,AI,91.38,15,10,7.06,8.72,8.02,8.48,6.01,6.23,Average
452,Aditi,AI,92.67,9,5,8.4,9.45,6.66,6.58,8.53,6.18,Average
453,Rahul,Cyber Security,78.67,15,6,9.12,8.62,5.7,8.23,6.65,6.46,Average
454,Varun,Cloud,71.03,8,3,7.89,7.62,9.27,6.23,7.78,6.93,Average
455,Priya,Mobile App,82.35,13,4,7.04,6.99,8.53,6.77,6.5,8.44,Average
456,Karthik,AI,94.12,14,5,8.55,6.19,6.06,9,7.68,6.1,Average
457,Sneha,Cloud,86.61,19,9,7.36,8.03,7.19,7.4,8.02,8.12,Average
458,Nisha,Mobile App,82.5,13,10,7.54,7.13,6.25,8.54,7.36,9.29,Average
459,Priya,AI,74.86,10,9,6.67,8.96,7.31,5.96,7.4,6.06,Average
460,Arjun,AI,89.49,17,9,6.9,6.96,9.44,9.35,8.96,7.8,Good
461,Meera,Cloud,78.39,10,5,7.69,9.48,8.75,7,8.63,7.71,Good
462,Aditi,Cloud,79.82,19,9,8.24,8.53,5.84,6.18,8.98,8.87,Average
463,Arjun,Mobile App,86.96,18,3,8.18,8.65,6.32,9.24,7.41,7.5,Average
464,Aditya,Cloud,98.47,10,10,8.78,9.33,5.66,7.63,8.53,7.28,Average
465,Varun,Data Science,92.01,17,4,6.48,7.61,9.42,6.54,8.48,8.11,Average
466,Aditya,Web,74.39,11,0,8.16,7.29,8.66,8.25,7.35,9.35,Good
467,Priya,Cyber Security,99.46,8,4,7.6,9.47,7.31,7.55,8.2,8.19,Good
468,Sanjay,Web,98.26,16,2,8.86,7.35,7.04,6.88,7.47,8.14,Average
469,Pooja,Web,82.44,14,9,6.71,6.88,9.11,7.79,8.93,8.76,Good
470,Ashwin,AI,83.97,19,0,7.49,8.28,7.88,7.31,7.05,6.52,Average
471,Rohit,Cyber Security,97.83,13,8,8.27,8.65,8.31,7.48,6.91,8.77,Good
472,Nisha,Cloud,90.39,13,8,8.58,9.18,9.43,9.43,9.23,8.18,Good
473,Ananya,Data Science,86.16,18,0,9.43,9.41,6.12,7.26,6.81,7.13,Average
474,Aditi,AI,79.54,8,4,8.11,8.8,6.03,9.49,9.38,7.22,Good
475,Rahul,Cyber Security,72.54,19,8,8.92,6.75,6.64,6.49,6.33,7.2,Average
476,Sneha,Web,81.73,9,6,8.8,6.86,8.4,7.42,9.28,7.49,Good
477,Aditya,Data Science,83.09,20,0,6.54,8.92,5.87,6.41,6.05,6.28,Poor
478,Rohit,Mobile App,80.55,20,7,8.08,7.18,8.61,8.46,8.52,8.81,Good
479,Neha,Web,77.57,19,3,8.03,6.68,7.89,9.3,7.63,8.84,Good
480,Rohit,Cyber Security,90.47,20,7,7.76,8.37,6.53,8.83,8.69,8.45,Good
481,Pooja,Web,80.24,9,10,8.63,9.08,8.84,5.67,6,7.58,Average
482,Pooja,AI,83.05,8,0,9,7.9,6.27,6.12,7.49,6.52,Average
483,Sneha,Data Science,92.25,13,1,9.11,8.16,9.13,6.69,8.3,6.19,Average
484,Kavya,Mobile App,95.17,9,5,8.62,6.5,9.42,5.73,6.24,7.48,Average
485,Vikram,Mobile App,84,20,4,7.99,8.16,6.96,6.22,7.69,9.44,Average
486,Sanjay,Web,92.66,10,6,7.96,8.48,8.77,6.32,7.07,7.62,Average
487,Aditi,AI,99.97,17,2,7.01,7.58,8.39,8.06,7.1,7.9,Average
488,Kavya,Data Science,77.23,11,0,9.31,8.29,6.58,5.8,6.02,7.81,Average
489,Rahul,Data Science,94.02,15,10,7.83,6.78,5.98,5.6,9.43,7.31,Average
490,Priya,Data Science,94.27,15,4,7.2,7.32,8.86,7.92,7.48,7.69,Average
491,Aditya,Mobile App,85.74,12,5,6.83,8.65,8.06,8.66,8.21,6.81,Average
492,Sneha,Data Science,77.22,10,1,6.29,6.89,8.79,8.02,7.65,9.24,Average
493,Vikram,Data Science,99.12,13,9,8.61,9.06,6.55,7.1,7.56,7.71,Average
494,Varun,AI,99.42,18,3,9.16,6.1,8.45,6.74,8.41,7.02,Average
495,Pooja,Cloud,86.68,8,4,7.68,7.84,6.12,7.9,7.05,6.28,Average
496,Rohit,Data Science,87.76,15,10,7.58,7.51,9.1,6.06,6.71,9.08,Average
497,Ashwin,Mobile App,99.89,12,10,9.07,7.55,8.56,5.69,6.75,6.52,Average
498,Sneha,Mobile App,79.21,14,7,9.38,8.75,9.43,5.97,7.69,8.3,Good
499,Kiran,Data Science,88.9,15,2,6.31,8.58,7.87,6.11,9.07,6.44,Average
500,Kavya,Data Science,70.2,12,5,7.28,9.41,8.16,9.3,8.11,9,Good
